

INSERT INTO POKEMON (ID,NAME,TYPE) VALUES (37,'Vulpix','Fire');
INSERT INTO POKEMON (ID,NAME,TYPE) VALUES (6,'Charizard','Fire');
INSERT INTO POKEMON (ID,NAME,TYPE) VALUES (126,'Magmar','Fire');
INSERT INTO POKEMON (ID,NAME,TYPE) VALUES (154,'Cyndaquil','Fire');
INSERT INTO POKEMON (ID,NAME,TYPE) VALUES (653,'Fennekin','Fire');


INSERT INTO POKEMON (ID,NAME,TYPE) VALUES (134,'Vaporeon','Water');
INSERT INTO POKEMON (ID,NAME,TYPE) VALUES (55,'Golduck','Water');
INSERT INTO POKEMON (ID,NAME,TYPE) VALUES (99,'Kingler','Water');
INSERT INTO POKEMON (ID,NAME,TYPE) VALUES (129,'Magikarp','Water');
INSERT INTO POKEMON (ID,NAME,TYPE) VALUES (131,'Lapras','Water');


INSERT INTO POKEMON (ID,NAME,TYPE) VALUES (1,'Bulbasaur','Grass');
INSERT INTO POKEMON (ID,NAME,TYPE) VALUES (071,'Victreebel','Grass');
INSERT INTO POKEMON (ID,NAME,TYPE) VALUES (152,'Chikorita','Grass');
INSERT INTO POKEMON (ID,NAME,TYPE) VALUES (192,'Sunflora','Grass');
INSERT INTO POKEMON (ID,NAME,TYPE) VALUES (319,'Sharpedo','Grass');


INSERT INTO trainer (ID,NAME,LEVEL) VALUES (1,'AVI',1);
INSERT INTO trainer (ID,NAME,LEVEL) VALUES (2,'YOSSI',1);
INSERT INTO trainer (ID,NAME,LEVEL) VALUES (3,'MATAN',1);
INSERT INTO trainer (ID,NAME,LEVEL) VALUES (4,'OR',1);
INSERT INTO trainer (ID,NAME,LEVEL) VALUES (5,'AMITAY',1);
INSERT INTO trainer (ID,NAME,LEVEL) VALUES (6,'OMER',1);


INSERT INTO POKEMON_TRAINER (TRAINER_ID,POKEMON_ID) VALUES (1,37);
INSERT INTO POKEMON_TRAINER (TRAINER_ID,POKEMON_ID) VALUES (1,55);
INSERT INTO POKEMON_TRAINER (TRAINER_ID,POKEMON_ID) VALUES (1,129);
INSERT INTO POKEMON_TRAINER (TRAINER_ID,POKEMON_ID) VALUES (2,131);
INSERT INTO POKEMON_TRAINER (TRAINER_ID,POKEMON_ID) VALUES (2,152);
INSERT INTO POKEMON_TRAINER (TRAINER_ID,POKEMON_ID) VALUES (2,192);
INSERT INTO POKEMON_TRAINER (TRAINER_ID,POKEMON_ID) VALUES (4,319);
INSERT INTO POKEMON_TRAINER (TRAINER_ID,POKEMON_ID) VALUES (5,99);
INSERT INTO POKEMON_TRAINER (TRAINER_ID,POKEMON_ID) VALUES (5,071);
INSERT INTO POKEMON_TRAINER (TRAINER_ID,POKEMON_ID) VALUES (5,152);
INSERT INTO POKEMON_TRAINER (TRAINER_ID,POKEMON_ID) VALUES (6,99);
INSERT INTO POKEMON_TRAINER (TRAINER_ID,POKEMON_ID) VALUES (3,99);
INSERT INTO POKEMON_TRAINER (TRAINER_ID,POKEMON_ID) VALUES (3,071);
INSERT INTO POKEMON_TRAINER (TRAINER_ID,POKEMON_ID) VALUES (3,152);

