

INSERT INTO POKEMON (ID,NAME,TYPE) VALUES (37,'Vulpix','Fire');
INSERT INTO POKEMON (ID,NAME,TYPE) VALUES (6,'Charizard','Fire');
INSERT INTO POKEMON (ID,NAME,TYPE) VALUES (126,'Magmar','Fire');
INSERT INTO POKEMON (ID,NAME,TYPE) VALUES (154,'Cyndaquil','Fire');
INSERT INTO POKEMON (ID,NAME,TYPE) VALUES (653,'Fennekin','Fire');


INSERT INTO POKEMON (ID,NAME,TYPE) VALUES (134,'Vaporeon','Water');
INSERT INTO POKEMON (ID,NAME,TYPE) VALUES (55,'Golduck','Water');
INSERT INTO POKEMON (ID,NAME,TYPE) VALUES (99,'Kingler','Water');
INSERT INTO POKEMON (ID,NAME,TYPE) VALUES (129,'Magikarp','Water');
INSERT INTO POKEMON (ID,NAME,TYPE) VALUES (131,'Lapras','Water');


INSERT INTO POKEMON (ID,NAME,TYPE) VALUES (1,'Bulbasaur','Grass');
INSERT INTO POKEMON (ID,NAME,TYPE) VALUES (071,'Victreebel','Grass');
INSERT INTO POKEMON (ID,NAME,TYPE) VALUES (152,'Chikorita','Grass');
INSERT INTO POKEMON (ID,NAME,TYPE) VALUES (192,'Sunflora','Grass');
INSERT INTO POKEMON (ID,NAME,TYPE) VALUES (319,'Sharpedo','Grass');


INSERT INTO trainer (ID,NAME,LEVEL) VALUES (1,'OR',0);
INSERT INTO trainer (ID,NAME,LEVEL) VALUES (2,'EVYATAR',0);
INSERT INTO trainer (ID,NAME,LEVEL) VALUES (3,'AVI',0);
INSERT INTO trainer (ID,NAME,LEVEL) VALUES (4,'ORTAL',0);
INSERT INTO trainer (ID,NAME,LEVEL) VALUES (5,'DAD',0);
INSERT INTO trainer (ID,NAME,LEVEL) VALUES (6,'MOM',0);


INSERT INTO POKEMONTRAINER (TRAINER_ID,POKEMON_ID) VALUES (1,37);
INSERT INTO POKEMONTRAINER (TRAINER_ID,POKEMON_ID) VALUES (1,55);
INSERT INTO POKEMONTRAINER (TRAINER_ID,POKEMON_ID) VALUES (1,129);
INSERT INTO POKEMONTRAINER (TRAINER_ID,POKEMON_ID) VALUES (2,131);
INSERT INTO POKEMONTRAINER (TRAINER_ID,POKEMON_ID) VALUES (2,152);
INSERT INTO POKEMONTRAINER (TRAINER_ID,POKEMON_ID) VALUES (3,192);
INSERT INTO POKEMONTRAINER (TRAINER_ID,POKEMON_ID) VALUES (4,319);
INSERT INTO POKEMONTRAINER (TRAINER_ID,POKEMON_ID) VALUES (5,1);
INSERT INTO POKEMONTRAINER (TRAINER_ID,POKEMON_ID) VALUES (5,99);
INSERT INTO POKEMONTRAINER (TRAINER_ID,POKEMON_ID) VALUES (6,6);

